workload,windows,mode,ranks,threads,chunk,horizon,seconds,checksum,log
skewed,10000,hybrid-dynamic,2,2,32,168,10.069384,12758451869099576266,skewed_10000_hybrid-dynamic_1.txt
skewed,10000,hybrid-dynamic,2,2,32,168,2.678799,12758451869099576266,skewed_10000_hybrid-dynamic_2.txt
skewed,10000,hybrid-dynamic,2,2,32,168,2.158862,12758451869099576266,skewed_10000_hybrid-dynamic_3.txt
skewed,10000,hybrid-static,2,2,32,168,2.546872,12758451869099576266,skewed_10000_hybrid-static_1.txt
skewed,10000,hybrid-static,2,2,32,168,2.821922,12758451869099576266,skewed_10000_hybrid-static_2.txt
skewed,10000,hybrid-static,2,2,32,168,2.79001,12758451869099576266,skewed_10000_hybrid-static_3.txt
skewed,10000,mpi,2,1,32,168,5.142561,12758451869099576266,skewed_10000_mpi_1.txt
skewed,10000,mpi,2,1,32,168,4.125354,12758451869099576266,skewed_10000_mpi_2.txt
skewed,10000,mpi,2,1,32,168,3.216247,12758451869099576266,skewed_10000_mpi_3.txt
skewed,10000,sequential,1,1,32,168,3.476977,12758451869099576266,skewed_10000_sequential_1.txt
skewed,10000,sequential,1,1,32,168,5.599379,12758451869099576266,skewed_10000_sequential_2.txt
skewed,10000,sequential,1,1,32,168,4.242241,12758451869099576266,skewed_10000_sequential_3.txt
skewed,2000,hybrid-dynamic,2,2,32,168,0.219675,8252766344996757057,skewed_2000_hybrid-dynamic_1.txt
skewed,2000,hybrid-dynamic,2,2,32,168,0.808763,8252766344996757057,skewed_2000_hybrid-dynamic_2.txt
skewed,2000,hybrid-dynamic,2,2,32,168,0.631144,8252766344996757057,skewed_2000_hybrid-dynamic_3.txt
skewed,2000,hybrid-static,2,2,32,168,0.297002,8252766344996757057,skewed_2000_hybrid-static_1.txt
skewed,2000,hybrid-static,2,2,32,168,0.939656,8252766344996757057,skewed_2000_hybrid-static_2.txt
skewed,2000,hybrid-static,2,2,32,168,0.494635,8252766344996757057,skewed_2000_hybrid-static_3.txt
skewed,2000,mpi,2,1,32,168,0.364578,8252766344996757057,skewed_2000_mpi_1.txt
skewed,2000,mpi,2,1,32,168,0.442997,8252766344996757057,skewed_2000_mpi_2.txt
skewed,2000,mpi,2,1,32,168,0.866944,8252766344996757057,skewed_2000_mpi_3.txt
skewed,2000,sequential,1,1,32,168,0.561527,8252766344996757057,skewed_2000_sequential_1.txt
skewed,2000,sequential,1,1,32,168,0.742295,8252766344996757057,skewed_2000_sequential_2.txt
skewed,2000,sequential,1,1,32,168,1.104522,8252766344996757057,skewed_2000_sequential_3.txt
skewed,30000,hybrid-dynamic,2,2,32,168,4.52215,5170057224364419698,skewed_30000_hybrid-dynamic_1.txt
skewed,30000,hybrid-dynamic,2,2,32,168,6.941424,5170057224364419698,skewed_30000_hybrid-dynamic_2.txt
skewed,30000,hybrid-dynamic,2,2,32,168,4.610541,5170057224364419698,skewed_30000_hybrid-dynamic_3.txt
skewed,30000,hybrid-static,2,2,32,168,7.668513,5170057224364419698,skewed_30000_hybrid-static_1.txt
skewed,30000,hybrid-static,2,2,32,168,7.387536,5170057224364419698,skewed_30000_hybrid-static_2.txt
skewed,30000,hybrid-static,2,2,32,168,6.17291,5170057224364419698,skewed_30000_hybrid-static_3.txt
skewed,30000,mpi,2,1,32,168,12.599374,5170057224364419698,skewed_30000_mpi_1.txt
skewed,30000,mpi,2,1,32,168,8.713593,5170057224364419698,skewed_30000_mpi_2.txt
skewed,30000,mpi,2,1,32,168,7.97601,5170057224364419698,skewed_30000_mpi_3.txt
skewed,30000,sequential,1,1,32,168,11.453058,5170057224364419698,skewed_30000_sequential_1.txt
skewed,30000,sequential,1,1,32,168,6.180669,5170057224364419698,skewed_30000_sequential_2.txt
skewed,30000,sequential,1,1,32,168,8.534046,5170057224364419698,skewed_30000_sequential_3.txt
uniform,10000,hybrid-dynamic,2,2,32,168,0.62701,13807984419863688919,uniform_10000_hybrid-dynamic_1.txt
uniform,10000,hybrid-dynamic,2,2,32,168,0.512176,13807984419863688919,uniform_10000_hybrid-dynamic_2.txt
uniform,10000,hybrid-dynamic,2,2,32,168,0.529916,13807984419863688919,uniform_10000_hybrid-dynamic_3.txt
uniform,10000,hybrid-static,2,2,32,168,0.247529,13807984419863688919,uniform_10000_hybrid-static_1.txt
uniform,10000,hybrid-static,2,2,32,168,0.238906,13807984419863688919,uniform_10000_hybrid-static_2.txt
uniform,10000,hybrid-static,2,2,32,168,0.24063,13807984419863688919,uniform_10000_hybrid-static_3.txt
uniform,10000,mpi,2,1,32,168,0.53345,13807984419863688919,uniform_10000_mpi_1.txt
uniform,10000,mpi,2,1,32,168,0.392248,13807984419863688919,uniform_10000_mpi_2.txt
uniform,10000,mpi,2,1,32,168,0.399911,13807984419863688919,uniform_10000_mpi_3.txt
uniform,10000,sequential,1,1,32,168,0.603149,13807984419863688919,uniform_10000_sequential_1.txt
uniform,10000,sequential,1,1,32,168,0.792124,13807984419863688919,uniform_10000_sequential_2.txt
uniform,10000,sequential,1,1,32,168,0.868516,13807984419863688919,uniform_10000_sequential_3.txt
uniform,2000,hybrid-dynamic,2,2,32,168,0.193791,1669771155541933636,uniform_2000_hybrid-dynamic_1.txt
uniform,2000,hybrid-dynamic,2,2,32,168,0.13631,1669771155541933636,uniform_2000_hybrid-dynamic_2.txt
uniform,2000,hybrid-dynamic,2,2,32,168,0.186396,1669771155541933636,uniform_2000_hybrid-dynamic_3.txt
uniform,2000,hybrid-static,2,2,32,168,0.097803,1669771155541933636,uniform_2000_hybrid-static_1.txt
uniform,2000,hybrid-static,2,2,32,168,0.075863,1669771155541933636,uniform_2000_hybrid-static_2.txt
uniform,2000,hybrid-static,2,2,32,168,0.063611,1669771155541933636,uniform_2000_hybrid-static_3.txt
uniform,2000,mpi,2,1,32,168,0.115827,1669771155541933636,uniform_2000_mpi_1.txt
uniform,2000,mpi,2,1,32,168,0.088198,1669771155541933636,uniform_2000_mpi_2.txt
uniform,2000,mpi,2,1,32,168,0.107472,1669771155541933636,uniform_2000_mpi_3.txt
uniform,2000,sequential,1,1,32,168,0.854161,1669771155541933636,uniform_2000_sequential_1.txt
uniform,2000,sequential,1,1,32,168,0.147043,1669771155541933636,uniform_2000_sequential_2.txt
uniform,2000,sequential,1,1,32,168,0.196348,1669771155541933636,uniform_2000_sequential_3.txt
uniform,30000,hybrid-dynamic,2,2,32,168,2.207744,14272769602191196589,uniform_30000_hybrid-dynamic_1.txt
uniform,30000,hybrid-dynamic,2,2,32,168,3.792086,14272769602191196589,uniform_30000_hybrid-dynamic_2.txt
uniform,30000,hybrid-dynamic,2,2,32,168,1.350845,14272769602191196589,uniform_30000_hybrid-dynamic_3.txt
uniform,30000,hybrid-static,2,2,32,168,0.679406,14272769602191196589,uniform_30000_hybrid-static_1.txt
uniform,30000,hybrid-static,2,2,32,168,0.596309,14272769602191196589,uniform_30000_hybrid-static_2.txt
uniform,30000,hybrid-static,2,2,32,168,0.68474,14272769602191196589,uniform_30000_hybrid-static_3.txt
uniform,30000,mpi,2,1,32,168,1.22182,14272769602191196589,uniform_30000_mpi_1.txt
uniform,30000,mpi,2,1,32,168,1.272236,14272769602191196589,uniform_30000_mpi_2.txt
uniform,30000,mpi,2,1,32,168,1.749814,14272769602191196589,uniform_30000_mpi_3.txt
uniform,30000,sequential,1,1,32,168,2.685984,14272769602191196589,uniform_30000_sequential_1.txt
uniform,30000,sequential,1,1,32,168,3.159105,14272769602191196589,uniform_30000_sequential_2.txt
uniform,30000,sequential,1,1,32,168,2.991959,14272769602191196589,uniform_30000_sequential_3.txt
