workload,windows,horizon,mode,ranks,threads,chunk,repeats,median_seconds,min_seconds,max_seconds,speedup
skewed,2000,168,hybrid-dynamic,2,2,32,3,0.631144,0.219675,0.808763,1.1761103646711368
skewed,2000,168,hybrid-static,2,2,32,3,0.494635,0.297002,0.939656,1.5006924297714477
skewed,2000,168,mpi,2,1,32,3,0.442997,0.364578,0.866944,1.675620828132019
skewed,2000,168,sequential,1,1,32,3,0.742295,0.561527,1.104522,1.0
skewed,10000,168,hybrid-dynamic,2,2,32,3,2.678799,2.158862,10.069384,1.5836354276673985
skewed,10000,168,hybrid-static,2,2,32,3,2.79001,2.546872,2.821922,1.5205110375948472
skewed,10000,168,mpi,2,1,32,3,4.125354,3.216247,5.142561,1.0283338108681097
skewed,10000,168,sequential,1,1,32,3,4.242241,3.476977,5.599379,1.0
skewed,30000,168,hybrid-dynamic,2,2,32,3,4.610541,4.52215,6.941424,1.8509858170657199
skewed,30000,168,hybrid-static,2,2,32,3,7.387536,6.17291,7.668513,1.1551951828052005
skewed,30000,168,mpi,2,1,32,3,8.713593,7.97601,12.599374,0.9793946079418674
skewed,30000,168,sequential,1,1,32,3,8.534046,6.180669,11.453058,1.0
uniform,2000,168,hybrid-dynamic,2,2,32,3,0.186396,0.13631,0.193791,1.0533917036846283
uniform,2000,168,hybrid-static,2,2,32,3,0.075863,0.063611,0.097803,2.5881918721906594
uniform,2000,168,mpi,2,1,32,3,0.107472,0.088198,0.115827,1.8269688849188626
uniform,2000,168,sequential,1,1,32,3,0.196348,0.147043,0.854161,1.0
uniform,10000,168,hybrid-dynamic,2,2,32,3,0.529916,0.512176,0.62701,1.49481049826765
uniform,10000,168,hybrid-static,2,2,32,3,0.24063,0.238906,0.247529,3.291875493496239
uniform,10000,168,mpi,2,1,32,3,0.399911,0.392248,0.53345,1.9807507170345402
uniform,10000,168,sequential,1,1,32,3,0.792124,0.603149,0.868516,1.0
uniform,30000,168,hybrid-dynamic,2,2,32,3,2.207744,1.350845,3.792086,1.3552110208429964
uniform,30000,168,hybrid-static,2,2,32,3,0.679406,0.596309,0.68474,4.403786542950755
uniform,30000,168,mpi,2,1,32,3,1.272236,1.22182,1.749814,2.3517326973926225
uniform,30000,168,sequential,1,1,32,3,2.991959,2.685984,3.159105,1.0
